pass_id,e_ticket,hotel_voucher,activity_pass,generated_on
1,ET-783456-2A,HV-985623-7K,AP-342187-9L,2024-11-20
2,ET-654321-8B,HV-123456-3M,AP-789123-5N,2024-10-17
3,ET-912345-6C,HV-567890-2P,AP-456789-1Q,2024-12-05
4,ET-345678-4D,HV-891234-5R,AP-234567-8S,2024-10-25
5,ET-678901-3E,HV-234567-9T,AP-678901-2U,2025-01-10
6,ET-123456-7F,HV-678901-4V,AP-912345-6V,2025-02-16
7,ET-567890-2G,HV-912345-6W,AP-345678-4W,2024-12-01
8,ET-891234-5H,HV-345678-4X,AP-678901-3X,2025-01-22
9,ET-234567-9I,HV-678901-3Y,AP-123456-7Y,2025-02-07
10,ET-678901-2J,HV-123456-7Z,AP-567890-2Z,2024-12-20
11,ET-901234-5K,HV-567890-2A,AP-891234-5A,2025-01-15
12,ET-345678-9L,HV-891234-5B,AP-234567-9B,2024-11-02
13,ET-678901-3M,HV-234567-9C,AP-678901-2C,2024-10-30
14,ET-123456-7N,HV-678901-3D,AP-123456-7D,2025-02-22
15,ET-567890-2O,HV-123456-7E,AP-567890-2E,2024-12-30
16,ET-891234-5P,HV-567890-2F,AP-891234-5F,2025-02-01
17,ET-234567-9Q,HV-891234-5G,AP-234567-9G,2024-11-07
18,ET-678901-3R,HV-234567-9H,AP-678901-3H,2024-10-19
19,ET-123456-7S,HV-678901-3I,AP-123456-7I,2025-02-13
20,ET-567890-2T,HV-123456-7J,AP-567890-2J,2024-12-16
21,ET-891234-5U,HV-567890-2K,AP-891234-5K,2025-01-25
22,ET-234567-9V,HV-891234-5L,AP-234567-9L,2024-11-14
23,ET-678901-3W,HV-234567-9M,AP-678901-3M,2024-10-27
24,ET-123456-7X,HV-678901-3N,AP-123456-7N,2025-02-19
25,ET-567890-2Y,HV-123456-7O,AP-567890-2O,2024-12-09
26,ET-891234-5Z,HV-567890-2P,AP-891234-5P,2025-01-18
27,ET-234567-9A,HV-891234-5Q,AP-234567-9Q,2024-11-27
28,ET-678901-3B,HV-234567-9R,AP-678901-3R,2024-10-31
29,ET-123456-7C,HV-678901-3S,AP-123456-7S,2025-02-10
30,ET-567890-2D,HV-123456-7T,AP-567890-2T,2024-12-23
31,ET-891234-5E,HV-567890-2U,AP-891234-5U,2025-01-07
32,ET-234567-9F,HV-891234-5V,AP-234567-9V,2024-11-21
33,ET-678901-3G,HV-234567-9W,AP-678901-3W,2024-10-29
34,ET-123456-7H,HV-678901-3X,AP-123456-7X,2025-02-05
35,ET-567890-2I,HV-123456-7Y,AP-567890-2Y,2024-12-14
36,ET-891234-5J,HV-567890-2Z,AP-891234-5Z,2025-01-29
37,ET-234567-9K,HV-891234-5A,AP-234567-9A,2024-11-05
38,ET-678901-3L,HV-234567-9B,AP-678901-3B,2024-10-22
39,ET-123456-7M,HV-678901-3C,AP-123456-7C,2025-02-17
40,ET-567890-2N,HV-123456-7D,AP-567890-2D,2024-12-07
41,ET-891234-5O,HV-567890-2E,AP-891234-5E,2025-01-12
42,ET-234567-9P,HV-891234-5F,AP-234567-9F,2024-11-30
43,ET-678901-3Q,HV-234567-9G,AP-678901-3G,2024-10-20
44,ET-123456-7R,HV-678901-3H,AP-123456-7H,2025-02-03
45,ET-567890-2S,HV-123456-7I,AP-567890-2I,2024-12-26
46,ET-891234-5T,HV-567890-2J,AP-891234-5J,2025-01-21
47,ET-234567-9U,HV-891234-5K,AP-234567-9U,2024-11-09
48,ET-678901-3V,HV-234567-9L,AP-678901-3V,2024-10-28
49,ET-123456-7W,HV-678901-3M,AP-123456-7W,2025-02-15
50,ET-567890-2X,HV-123456-7N,AP-567890-2X,2024-12-02
